{
  "cameraAperture": [
    20.954999923706055,
    15.290800094604492
  ],
  "cameraApertureOffset": [
    0.0,
    0.0
  ],
  "cameraFisheyeLensP": [],
  "cameraFisheyeLensS": [],
  "cameraFisheyeMaxFOV": 0.0,
  "cameraFisheyeNominalHeight": 0,
  "cameraFisheyeNominalWidth": 0,
  "cameraFisheyeOpticalCentre": [
    0.0,
    0.0
  ],
  "cameraFisheyePolynomial": [
    0.0,
    0.0,
    0.0,
    0.0,
    0.0,
    0.0
  ],
  "cameraFocalLength": 18.14756202697754,
  "cameraFocusDistance": 400.0,
  "cameraFStop": 0.0,
  "cameraModel": "pinhole",
  "cameraNearFar": [
    0.009999999776482582,
    10000000.0
  ],
  "cameraProjection": [
    1.732050852618065,
    0.0,
    0.0,
    0.0,
    0.0,
    1.732050852618065,
    0.0,
    0.0,
    0.0,
    0.0,
    9.999999786482582e-10,
    -1.0,
    0.0,
    0.0,
    0.009999999786482581,
    0.0
  ],
  "cameraViewTransform": [
    -0.769996013651511,
    -0.296652347390469,
    0.5648924886635571,
    0.0,
    0.6380486963867119,
    -0.35799951668983704,
    0.6817112343867167,
    -0.0,
    -9.99200722162641e-16,
    0.8853438489296507,
    0.46493684427288884,
    0.0,
    0.3036109794137589,
    -0.5278710883667871,
    -8.379198974380458,
    1.0000000000000002
  ],
  "metersPerSceneUnit": 1.0,
  "renderProductResolution": [
    512,
    512
  ]
}