{"cameraAperture": [20.954999923706055, 15.290800094604492], "cameraApertureOffset": [0.0, 0.0], "cameraFisheyeLensP": [], "cameraFisheyeLensS": [], "cameraFisheyeMaxFOV": 0.0, "cameraFisheyeNominalHeight": 0, "cameraFisheyeNominalWidth": 0, "cameraFisheyeOpticalCentre": [0.0, 0.0], "cameraFisheyePolynomial": [0.0, 0.0, 0.0, 0.0, 0.0, 0.0], "cameraFocalLength": 18.14756202697754, "cameraFocusDistance": 400.0, "cameraFStop": 0.0, "cameraModel": "pinhole", "cameraNearFar": [0.009999999776482582, 10000000.0], "cameraProjection": [1.732050852618065, 0.0, 0.0, 0.0, 0.0, 1.732050852618065, 0.0, 0.0, 0.0, 0.0, 9.999999786482582e-10, -1.0, 0.0, 0.0, 0.009999999786482581, 0.0], "cameraViewTransform": [-0.5205125435015384, -0.3117799615910205, 0.7948961866859474, -0.0, 0.8538540226862896, -0.19006220795211795, 0.4845716304642759, 0.0, 2.7755575615628907e-17, 0.9309509185014362, 0.3651443376821451, -0.0, 0.14239136322481438, -0.4215985875456879, -17.76288652092103, 1.0000000000000002], "metersPerSceneUnit": 1.0, "renderProductResolution": [512, 512]}