{"cameraAperture": [20.954999923706055, 15.290800094604492], "cameraApertureOffset": [0.0, 0.0], "cameraFisheyeLensP": [], "cameraFisheyeLensS": [], "cameraFisheyeMaxFOV": 0.0, "cameraFisheyeNominalHeight": 0, "cameraFisheyeNominalWidth": 0, "cameraFisheyeOpticalCentre": [0.0, 0.0], "cameraFisheyePolynomial": [0.0, 0.0, 0.0, 0.0, 0.0, 0.0], "cameraFocalLength": 18.14756202697754, "cameraFocusDistance": 400.0, "cameraFStop": 0.0, "cameraModel": "pinhole", "cameraNearFar": [0.009999999776482582, 10000000.0], "cameraProjection": [1.732050852618065, 0.0, 0.0, 0.0, 0.0, 1.732050852618065, 0.0, 0.0, 0.0, 0.0, 9.999999786482582e-10, -1.0, 0.0, 0.0, 0.009999999786482581, 0.0], "cameraViewTransform": [0.40035510919779127, -0.10199630925699596, 0.9106659867575903, 0.0, 0.9163600747191163, 0.04456189729007022, -0.3978673783695825, 0.0, 1.984523656517467e-15, 0.9937861893827364, 0.11130592882744209, -0.0, -0.7076409954309026, -1.2096873122542295, -2.7052213647542955, 1.0], "metersPerSceneUnit": 1.0, "renderProductResolution": [512, 512]}