{"cameraAperture": [20.954999923706055, 15.290800094604492], "cameraApertureOffset": [0.0, 0.0], "cameraFisheyeLensP": [], "cameraFisheyeLensS": [], "cameraFisheyeMaxFOV": 0.0, "cameraFisheyeNominalHeight": 0, "cameraFisheyeNominalWidth": 0, "cameraFisheyeOpticalCentre": [0.0, 0.0], "cameraFisheyePolynomial": [0.0, 0.0, 0.0, 0.0, 0.0, 0.0], "cameraFocalLength": 18.14756202697754, "cameraFocusDistance": 400.0, "cameraFStop": 0.0, "cameraModel": "pinhole", "cameraNearFar": [0.009999999776482582, 10000000.0], "cameraProjection": [1.732050852618065, 0.0, 0.0, 0.0, 0.0, 1.732050852618065, 0.0, 0.0, 0.0, 0.0, 9.999999786482582e-10, -1.0, 0.0, 0.0, 0.009999999786482581, 0.0], "cameraViewTransform": [-0.744886167480127, -0.30005572841940026, 0.5959120382568813, -0.0, 0.6671915748094902, -0.3349972781604821, 0.6653061146031205, 0.0, 0.0, 0.8931648131603547, 0.449729492619984, -0.0, 0.1653364519665876, -0.7981167091530966, -6.633000600888694, 1.0], "metersPerSceneUnit": 1.0, "renderProductResolution": [512, 512]}